,City,Lat,Lng,Max Temp,Humidity,Cloudiness,Wind Speed,Country,Date
0,carnarvon,-30.97,22.13,66.69,77,100,12.06,ZA,1578434126
1,pozoblanco,38.38,-4.85,41.0,93,0,1.12,ES,1578434469
2,bathsheba,13.22,-59.52,80.6,65,40,14.99,BB,1578434156
3,rikitea,-23.12,-134.97,77.29,79,0,18.25,PF,1578433980
4,narsaq,60.91,-46.05,10.4,72,59,9.15,GL,1578434151
5,rawson,-43.3,-65.11,74.1,38,26,11.63,AR,1578434470
6,los llanos de aridane,28.66,-17.92,64.4,63,75,8.05,ES,1578433844
7,ushuaia,-54.81,-68.31,51.8,81,75,9.17,AR,1578434107
8,broken hill,-31.97,141.45,75.2,23,0,10.29,AU,1578434152
9,saint anthony,43.97,-111.68,35.6,80,1,6.93,US,1578434470
10,albany,42.65,-73.75,36.0,63,90,3.24,US,1578433992
11,butaritari,3.07,172.79,84.85,77,67,17.45,KI,1578434119
12,barrow,-38.31,-60.23,82.62,25,0,3.76,AR,1578434127
13,cape town,-33.93,18.42,70.0,94,20,8.05,ZA,1578434114
14,bredasdorp,-34.53,20.04,68.0,88,0,3.36,ZA,1578434117
15,meulaboh,4.14,96.13,80.91,78,97,7.76,ID,1578433843
16,aripuana,-9.17,-60.63,89.26,63,18,2.01,BR,1578434471
17,lagoa,37.14,-8.45,54.0,93,0,3.36,PT,1578434149
18,maceio,-9.67,-35.74,80.6,74,40,14.99,BR,1578434471
19,yaan,7.38,8.57,82.36,24,100,3.36,NG,1578434471
20,hithadhoo,-0.6,73.08,83.48,75,96,12.53,MV,1578434110
21,qaanaaq,77.48,-69.36,-24.79,91,29,1.99,GL,1578434116
22,turmalina,-17.29,-42.73,73.8,93,99,2.71,BR,1578434472
23,provideniya,64.42,-173.23,-12.57,93,0,1.21,RU,1578434110
24,vilhena,-12.74,-60.15,77.0,88,40,5.82,BR,1578434129
25,kodiak,39.95,-94.76,53.01,37,1,23.04,US,1578434146
26,ventspils,57.39,21.56,41.0,80,90,18.34,LV,1578434472
27,balezino,57.97,53.01,9.41,97,98,3.58,RU,1578434120
28,qasigiannguit,68.82,-51.19,-2.2,44,20,13.87,GL,1578434472
29,port hawkesbury,45.62,-61.36,30.0,86,40,5.82,CA,1578434472
30,poum,41.28,20.71,26.38,38,0,4.41,MK,1578434136
31,pointe michel,15.25,-61.38,82.4,61,20,6.93,DM,1578434472
32,nikolskoye,59.7,30.79,39.2,80,90,8.95,RU,1578434122
33,port alfred,-33.59,26.89,68.0,98,100,1.01,ZA,1578434111
34,tessalit,20.2,1.01,61.41,21,55,9.86,ML,1578434473
35,kolosovka,56.47,73.61,2.53,94,88,3.22,RU,1578434473
36,vaini,15.34,74.49,65.88,79,0,1.43,IN,1578434113
37,el cobre,8.04,-72.06,86.0,51,40,16.11,VE,1578434473
38,fortuna,40.6,-124.16,53.6,76,90,10.29,US,1578434115
39,puerto ayora,-0.74,-90.35,82.4,69,40,9.17,EC,1578434122
40,lompoc,34.64,-120.46,72.0,32,1,5.82,US,1578434138
41,chuy,-33.69,-53.46,73.89,47,0,12.66,UY,1578433994
42,tangkak,2.27,102.54,78.8,83,20,3.36,MY,1578434474
43,saint george,39.45,22.34,37.99,59,20,8.05,GR,1578434142
44,cherskiy,68.75,161.3,-19.43,76,0,9.06,RU,1578434132
45,sompeta,18.93,84.6,61.66,75,2,3.04,IN,1578434474
46,vardo,39.62,-77.74,33.8,99,90,9.17,US,1578434145
47,kavaratti,10.57,72.64,81.99,74,59,10.27,IN,1578434109
48,zverinogolovskoye,54.46,64.85,10.92,96,98,2.82,RU,1578434474
49,atuona,-9.8,-139.03,81.09,74,1,12.12,PF,1578433818
50,hobart,-42.88,147.33,68.0,67,20,6.93,AU,1578434093
51,buriti alegre,-18.14,-49.04,78.35,88,86,3.67,BR,1578434475
52,jamestown,-33.21,138.6,71.2,30,0,13.94,AU,1578434107
53,hermanus,-34.42,19.24,69.01,92,0,9.53,ZA,1578434114
54,buta,2.79,24.73,73.62,42,46,1.77,CD,1578434475
55,bluff,-23.58,149.07,72.39,84,57,9.13,AU,1578434113
56,thompson,55.74,-97.86,-11.2,76,20,6.93,CA,1578434108
57,havoysund,71.0,24.66,37.4,79,40,21.92,NO,1578434475
58,dunedin,-45.87,170.5,51.19,70,56,13.27,NZ,1578434153
59,bol,13.47,14.72,72.7,26,0,16.15,TD,1578434475
60,cabo san lucas,22.89,-109.91,82.0,57,5,10.29,MX,1578434136
61,isangel,-19.55,169.27,82.4,69,20,6.93,VU,1578434116
62,half moon bay,37.46,-122.43,59.0,76,20,16.11,US,1578434114
63,punta arenas,-53.16,-70.91,59.0,38,85,17.22,CL,1578434108
64,juba,57.82,26.93,37.99,93,90,11.41,EE,1578434476
65,torbay,47.66,-52.73,27.0,92,90,4.7,CA,1578434126
66,nadym,65.53,72.51,-2.06,94,0,10.13,RU,1578434476
67,tasiilaq,65.61,-37.64,8.82,75,100,28.14,GL,1578434112
68,busselton,-33.64,115.35,61.0,60,26,4.45,AU,1578433813
69,hasaki,35.73,140.83,41.0,100,75,2.24,JP,1578434153
70,khatanga,71.98,102.47,5.65,96,96,7.9,RU,1578434108
71,georgetown,6.8,-58.16,84.2,83,40,9.17,GY,1578434067
72,cuajinicuilapa,16.47,-98.41,90.54,47,0,9.75,MX,1578434477
73,kedougou,12.56,-12.19,77.0,27,20,4.7,SN,1578434477
74,morondava,-20.3,44.28,76.64,93,1,3.65,MG,1578434477
75,podor,16.65,-14.96,69.8,19,77,2.24,MR,1578434477
76,lorengau,-2.02,147.27,83.55,75,100,4.65,PG,1578434120
77,avarua,-21.21,-159.78,82.4,78,36,9.17,CK,1578434113
78,santa vitoria do palmar,-33.52,-53.37,73.89,47,0,12.66,BR,1578433834
79,taltal,-25.41,-70.49,68.27,67,0,6.51,CL,1578434174
80,nova odesa,47.3,31.79,26.35,71,0,10.04,UA,1578434478
81,pyu,18.48,96.43,62.65,82,0,5.99,MM,1578434478
82,simao,22.76,100.79,52.43,96,0,2.71,CN,1578434478
83,arraial do cabo,-22.97,-42.02,84.2,78,20,11.41,BR,1578434109
84,lavrentiya,65.58,-170.99,-12.42,96,64,3.2,RU,1578434133
85,sioux lookout,50.1,-91.92,1.4,70,90,20.8,CA,1578434479
86,east london,-33.02,27.91,73.2,90,100,16.6,ZA,1578433852
87,saint-pierre,48.95,4.24,46.0,100,90,13.87,FR,1578434164
88,walvis bay,-22.95,14.51,64.99,88,0,5.82,NA,1578434154
89,norman wells,65.28,-126.83,-41.8,72,5,1.63,CA,1578434123
90,qaqortoq,60.72,-46.03,10.4,72,100,5.37,GL,1578434157
91,coahuayana,18.62,-100.35,90.86,24,47,4.05,MX,1578434166
92,general pico,-35.66,-63.75,87.89,24,2,7.63,AR,1578434479
93,hilo,19.71,-155.08,78.8,65,90,17.22,US,1578433845
94,dingle,11.0,122.67,73.33,90,100,8.08,PH,1578434113
95,cangzhou,38.3,116.85,26.4,51,65,7.36,CN,1578434480
96,shelburne,44.08,-80.2,39.2,55,1,12.75,CA,1578434179
97,yar-sale,66.83,70.83,0.86,86,23,7.49,RU,1578434480
98,upernavik,72.79,-56.15,-13.02,75,100,3.8,GL,1578434144
99,iqaluit,63.75,-68.52,-16.6,62,90,17.22,CA,1578434157
100,seoul,37.57,126.98,37.4,100,90,1.12,KR,1578434405
101,esperance,-33.86,121.89,64.4,93,90,9.17,AU,1578434167
102,srivardhan,18.03,73.02,73.22,84,2,7.61,IN,1578434480
103,panguna,-6.32,155.48,75.07,86,100,2.66,PG,1578434481
104,madison,43.07,-89.38,37.0,47,90,20.8,US,1578434481
105,longyearbyen,78.22,15.63,28.4,68,40,44.96,NO,1578434113
106,margate,-43.03,147.26,68.0,67,20,6.93,AU,1578434153
107,kapaa,22.08,-159.32,80.6,78,75,20.8,US,1578434123
108,iralaya,15.0,-83.23,80.6,83,40,10.29,HN,1578434481
109,kasongo,-4.43,26.67,73.29,86,100,2.51,CD,1578434481
110,gobabis,-22.45,18.97,69.91,77,67,8.9,NA,1578434481
111,mataura,-46.19,168.86,57.0,73,92,5.99,NZ,1578434110
112,tuktoyaktuk,69.44,-133.03,-32.8,66,20,13.87,CA,1578434124
113,diego de almagro,-26.39,-70.05,78.01,28,0,15.93,CL,1578434482
114,souillac,45.6,-0.6,52.0,100,90,5.82,FR,1578434136
115,ciudad bolivar,8.12,-63.55,90.28,31,11,8.05,VE,1578434482
116,clyde river,70.47,-68.59,-27.4,67,20,3.36,CA,1578434148
117,ayna,38.55,-2.07,33.8,86,21,3.36,ES,1578434482
118,vao,59.1,26.19,38.34,82,100,13.85,EE,1578434144
119,severo-kurilsk,50.68,156.12,18.82,88,58,10.38,RU,1578434112
120,puerto narino,-3.77,-70.38,95.0,50,40,5.82,CO,1578434482
121,tiksi,71.64,128.87,-9.85,89,93,4.47,RU,1578434109
122,ancud,-41.87,-73.83,55.4,87,90,12.75,CL,1578434114
123,buzmeyin,38.05,58.21,33.8,100,72,2.24,TM,1578434483
124,alencon,48.43,0.08,53.6,100,90,8.05,FR,1578434483
125,phalaborwa,-23.95,31.14,77.0,73,0,6.93,ZA,1578434483
126,san patricio,-26.98,-56.83,91.15,29,0,6.46,PY,1578434118
127,hobyo,5.35,48.53,77.92,79,98,14.45,SO,1578434483
128,si sa ket,15.12,104.33,69.8,88,100,4.7,TH,1578434483
129,kirovsk,67.62,33.66,33.22,99,100,6.35,RU,1578434483
130,aberdeen,46.98,-123.82,51.01,93,90,19.46,US,1578434484
131,suba,28.73,103.51,34.16,91,97,1.83,CN,1578434484
132,codrington,-28.95,153.24,78.01,73,58,1.12,AU,1578434161
133,victoria,5.28,115.24,80.6,88,75,1.12,BN,1578434110
134,yarmouth,43.84,-66.12,33.01,58,40,13.87,CA,1578434404
135,jerome,34.75,-112.11,66.99,25,1,5.19,US,1578434125
136,gubkinskiy,64.43,76.5,-5.42,96,0,11.61,RU,1578434484
137,salinopolis,-0.61,-47.36,81.99,78,87,13.71,BR,1578434113
138,niort,46.32,-0.46,53.6,93,90,8.05,FR,1578434484
139,najran,17.54,44.22,62.6,72,0,2.39,SA,1578434122
140,mantenopolis,-18.86,-41.12,78.04,90,74,5.1,BR,1578434485
141,rudnogorsk,57.27,103.75,8.19,96,95,3.76,RU,1578434485
142,merauke,-8.49,140.4,75.25,94,100,5.26,ID,1578434376
143,kahului,20.89,-156.47,80.6,54,40,20.8,US,1578433899
144,mount gambier,-37.83,140.78,57.2,100,78,6.93,AU,1578434179
145,sorong,-0.86,131.25,74.26,98,100,1.88,ID,1578434485
146,avera,33.19,-82.53,64.4,29,1,13.87,US,1578434159
147,praxedis guerrero,31.37,-106.02,57.2,15,1,5.86,MX,1578434485
148,hay river,60.82,-115.79,-16.6,68,90,1.63,CA,1578434486
149,nome,30.04,-94.42,68.0,19,1,4.7,US,1578433883
150,rio grande,-32.03,-52.1,80.6,47,0,14.99,BR,1578433851
151,lucea,18.44,-78.17,82.99,74,75,17.22,JM,1578434212
152,morant bay,17.88,-76.41,84.2,70,20,10.29,JM,1578434486
153,dikson,73.51,80.55,4.06,95,95,10.25,RU,1578434139
154,ponta do sol,-20.63,-46.0,78.35,79,100,4.45,BR,1578433849
155,surgut,61.25,73.4,1.4,91,43,4.47,RU,1578434486
156,san alberto,-24.98,-54.91,86.0,62,75,6.93,PY,1578434486
157,sadat,14.53,44.17,65.41,78,65,4.14,YE,1578434486
158,airai,-8.93,125.41,66.96,78,73,4.29,TL,1578434147
159,barmer,25.74,71.4,58.26,74,0,11.1,IN,1578434487
160,sam roi yot,12.21,99.86,75.74,75,98,5.44,TH,1578434487
161,sao filipe,14.9,-24.5,68.31,75,100,23.91,CV,1578434126
162,gushikawa,26.35,127.87,73.4,83,20,16.11,JP,1578434487
163,san cristobal,14.68,-86.92,76.5,59,97,10.16,HN,1578433854
164,krasnoturansk,54.32,91.57,3.2,84,100,2.06,RU,1578434488
165,manoel urbano,-8.84,-69.26,93.15,38,0,5.86,BR,1578434488
166,pitimbu,-7.47,-34.81,82.4,88,75,10.29,BR,1578434488
167,buala,-8.15,159.59,83.34,77,64,4.61,SB,1578434171
168,sokoni,-12.89,28.78,63.84,96,100,3.44,CD,1578434488
169,ilulissat,69.22,-51.1,-2.2,44,20,13.87,GL,1578434128
170,natal,-5.81,-35.21,84.2,78,75,12.75,BR,1578434488
171,muli,28.08,109.56,39.69,90,100,9.91,CN,1578434128
172,pevek,69.7,170.27,-8.5,76,0,13.35,RU,1578434119
173,kaitangata,-46.28,169.85,57.0,63,55,1.99,NZ,1578434131
174,mishan,45.55,131.88,6.15,95,99,5.97,CN,1578434488
175,pamyat parizhskoy kommuny,56.1,44.5,24.01,85,75,6.71,RU,1578434489
176,talara,-4.58,-81.27,62.6,100,40,10.29,PE,1578434489
177,virginia beach,36.85,-75.98,51.8,93,90,8.05,US,1578434416
178,bombay,44.94,-74.57,33.01,85,40,6.93,US,1578434489
179,aklavik,68.22,-135.01,-31.0,65,5,5.84,CA,1578434141
180,tura,64.27,100.22,-1.89,91,20,5.08,RU,1578434489
181,hervey bay,-25.3,152.85,84.0,73,37,6.93,AU,1578433864
182,tecoanapa,16.99,-99.26,86.0,70,20,6.93,MX,1578434489
183,shetpe,44.14,52.16,31.1,63,100,20.36,KZ,1578434143
184,beringovskiy,63.05,179.32,-5.91,99,96,7.14,RU,1578434179
185,nemuro,43.32,145.57,26.38,77,100,2.44,JP,1578434145
186,koumac,-20.56,164.28,76.05,71,70,5.37,NC,1578434490
187,orocue,4.79,-71.34,92.16,36,0,12.01,CO,1578434490
188,tonantins,-2.86,-67.77,82.9,91,94,2.46,BR,1578434490
189,eenhana,-17.48,16.34,77.0,73,78,4.7,NA,1578434490
190,la romana,18.43,-68.97,82.4,74,40,4.7,DO,1578434491
191,rio bueno,18.47,-77.46,82.4,74,75,17.22,JM,1578434491
192,te anau,-45.41,167.72,44.22,84,100,2.19,NZ,1578434491
193,havelock,34.88,-76.9,64.4,59,20,23.04,US,1578434424
194,antofagasta,-23.65,-70.4,71.6,73,20,14.99,CL,1578434201
195,nanakuli,21.39,-158.15,80.6,51,40,21.92,US,1578434491
196,sudzha,51.19,35.27,19.47,84,0,1.43,RU,1578434492
197,thanh hoa,10.21,106.33,78.8,83,20,3.36,VN,1578434492
198,general roca,-39.03,-67.58,89.6,12,0,35.39,AR,1578434492
199,ambilobe,-13.19,49.05,76.53,91,68,3.58,MG,1578434492
200,ewa beach,21.32,-158.01,80.6,51,40,21.92,US,1578434492
201,kasane,-17.8,25.16,70.38,82,13,4.07,BW,1578434492
202,pisco,-13.71,-76.2,72.0,30,0,9.17,PE,1578434134
203,bethel,60.79,-161.76,-18.4,75,1,16.11,US,1578434128
204,lata,30.78,78.62,14.27,97,100,4.14,IN,1578433873
205,methoni,36.82,21.7,48.0,52,0,8.05,GR,1578434493
206,komsomolskiy,67.55,63.78,3.27,96,99,9.28,RU,1578434493
207,chany,55.31,76.76,12.02,96,100,3.94,RU,1578434493
208,armizonskoye,55.95,67.67,2.86,92,61,3.65,RU,1578434493
209,chimbote,-9.08,-78.59,78.42,59,3,13.2,PE,1578434494
210,hakkari,61.34,23.75,39.2,93,90,13.87,FI,1578434494
211,appingedam,53.32,6.86,46.4,81,100,19.46,NL,1578434494
212,deputatskiy,69.3,139.9,-7.92,95,100,3.4,RU,1578434494
213,vila velha,-3.71,-38.6,86.0,70,40,5.82,BR,1578434142
214,makarska,43.3,17.02,46.4,31,0,6.93,HR,1578434494
215,iwanai,42.97,140.51,24.85,84,100,6.24,JP,1578434494
216,bay roberts,47.58,-53.28,27.0,92,90,4.7,CA,1578434495
217,zalesovo,54.0,84.74,6.66,95,100,3.0,RU,1578434495
218,kutum,14.2,24.66,63.46,28,0,5.28,SD,1578434117
219,pindiga,9.98,10.93,75.61,31,0,14.32,NG,1578434495
220,port elizabeth,39.31,-74.98,46.0,60,90,3.36,US,1578434135
221,oudtshoorn,-33.59,22.2,71.6,73,45,3.36,ZA,1578434495
222,caravelas,-17.73,-39.27,78.42,82,1,12.19,BR,1578434353
223,santa cruz,-6.22,-36.02,82.65,61,53,11.34,BR,1578434260
224,kaeo,-35.1,173.78,66.99,82,2,5.99,NZ,1578434495
225,astoria,46.19,-123.83,51.8,81,90,18.34,US,1578434116
226,chernyshevskiy,63.01,112.47,10.29,94,100,8.12,RU,1578434496
227,chengde,40.97,117.93,11.52,67,7,5.1,CN,1578434496
228,bangkalan,-7.05,112.74,74.62,95,89,4.59,ID,1578434496
229,linxia,35.6,103.21,19.89,77,100,1.61,CN,1578434120
230,port blair,11.67,92.75,79.48,77,75,11.9,IN,1578434496
231,berezovyy,51.67,135.7,2.88,87,2,4.25,RU,1578434497
232,chapais,49.78,-74.86,10.4,85,75,5.82,CA,1578434178
233,flinders,-34.58,150.85,72.0,68,75,11.41,AU,1578433887
234,tulun,54.56,100.58,1.18,90,0,1.99,RU,1578434497
235,pahrump,36.21,-115.98,62.01,27,1,1.97,US,1578434497
236,whitehorse,60.72,-135.06,-9.99,76,75,5.82,CA,1578434426
237,bemidji,47.48,-94.89,6.8,65,1,19.46,US,1578434240
238,castro,-42.48,-73.76,55.4,87,90,12.75,CL,1578434110
239,omboue,-1.57,9.26,76.42,92,100,3.06,GA,1578434497
240,saldanha,41.42,-6.55,39.09,75,17,1.12,PT,1578434121
241,chokurdakh,70.62,147.9,-24.77,95,0,5.23,RU,1578434124
242,sinegorye,62.09,150.53,-17.59,73,70,1.63,RU,1578434498
243,new norfolk,-42.78,147.06,68.0,67,20,6.93,AU,1578434112
244,teofilo otoni,-17.86,-41.51,76.91,91,91,3.8,BR,1578434498
245,adrar,27.87,-0.29,53.6,27,50,11.41,DZ,1578434169
246,sunnyside,47.86,-53.92,14.09,95,81,2.3,CA,1578434498
247,oshnaviyeh,37.04,45.1,30.2,74,90,4.7,IR,1578434499
248,kunashak,55.7,61.55,10.4,92,40,2.24,RU,1578434499
249,saskylakh,71.97,114.09,-3.95,96,96,8.19,RU,1578434148
250,laguna,16.17,-88.94,71.6,94,90,1.14,BZ,1578433883
251,kiama,-34.67,150.86,71.6,68,75,11.41,AU,1578434499
252,ballina,54.11,-9.15,48.0,87,100,8.99,IE,1578434158
253,college,64.86,-147.8,-23.01,67,90,1.74,US,1578434499
254,srednekolymsk,67.46,153.71,-23.03,99,34,3.29,RU,1578434150
255,uruacu,-14.52,-49.14,77.77,87,100,4.05,BR,1578434499
256,vostok,46.45,135.83,5.27,71,92,2.77,RU,1578434164
257,nizhniy bestyakh,61.96,129.91,-4.0,83,88,1.23,RU,1578434500
258,swan river,52.11,-101.27,-8.05,86,31,5.86,CA,1578434500
259,lisakovsk,52.55,62.49,12.54,95,99,2.75,KZ,1578434500
260,lethem,3.38,-59.8,92.21,38,0,15.28,GY,1578434500
261,lindsay,44.36,-78.74,37.0,80,75,6.93,CA,1578434500
262,mahebourg,-20.41,57.7,78.8,88,75,1.12,MU,1578434117
263,faanui,-16.48,-151.75,81.57,80,10,17.98,PF,1578434137
264,port hardy,50.7,-127.42,46.4,87,75,4.7,CA,1578434140
265,burla,53.34,78.33,12.06,95,94,5.17,RU,1578434501
266,briancon,44.9,6.65,39.0,76,4,9.15,FR,1578434501
267,muros,42.77,-9.06,55.0,100,90,4.7,ES,1578434130
268,oksfjord,70.24,22.35,37.4,83,69,19.46,NO,1578434501
269,larsnes,62.2,5.58,50.0,75,75,39.15,NO,1578434501
270,linxi,23.65,116.7,62.6,93,0,2.24,CN,1578434502
271,svetlogorsk,53.14,59.15,21.2,92,90,6.71,RU,1578434502
272,mar del plata,-46.43,-67.52,70.59,30,86,26.78,AR,1578433980
273,wukari,7.87,9.78,82.96,21,44,7.78,NG,1578434502
274,kavieng,-2.57,150.8,82.45,80,90,9.35,PG,1578434147
275,ketou,7.36,2.6,81.37,31,2,6.35,BJ,1578434503
276,haines junction,60.75,-137.51,-7.8,98,100,5.82,CA,1578434503
277,yellowknife,62.45,-114.38,-29.0,73,75,4.7,CA,1578434129
278,mezen,65.85,44.24,23.81,96,100,14.05,RU,1578434503
279,fort nelson,58.81,-122.69,-20.2,75,40,2.24,CA,1578434132
280,husavik,50.56,-96.99,1.0,72,100,8.99,CA,1578434503
281,huarmey,-10.07,-78.15,77.54,58,43,8.88,PE,1578434504
282,abu dhabi,24.47,54.37,64.4,77,0,6.4,AE,1578434504
283,samarai,-10.62,150.67,78.69,85,99,2.15,PG,1578434108
284,boende,-0.28,20.88,79.75,65,85,2.89,CD,1578434504
285,zudilovo,53.48,83.88,8.6,78,90,2.24,RU,1578434504
286,vaitape,-16.52,-151.75,81.57,80,10,17.98,PF,1578434504
287,gagarin,55.55,35.0,29.23,95,99,8.46,RU,1578434504
288,axim,4.87,-2.24,77.59,72,25,4.99,GH,1578434504
289,xining,36.62,101.77,16.57,73,100,2.95,CN,1578434170
290,dhidhdhoo,6.88,73.1,81.54,75,71,4.5,MV,1578434505
291,anzhero-sudzhensk,56.08,86.02,15.8,92,75,8.95,RU,1578434505
292,coxim,-18.5,-54.75,84.43,73,73,4.36,BR,1578434505
293,jaguarao,-32.57,-53.38,80.91,33,0,6.89,BR,1578434506
294,yerofey pavlovich,53.97,121.97,-9.0,90,0,2.44,RU,1578434506
295,erzin,36.95,36.2,48.2,100,90,4.7,TR,1578434506
296,kumano,34.34,132.59,59.0,71,75,16.11,JP,1578434506
297,ano mera,37.45,25.4,48.99,70,100,31.09,GR,1578434506
298,olinda,-37.84,145.39,66.0,82,90,9.17,AU,1578434148
299,bilma,18.69,12.92,58.17,24,33,11.3,NE,1578434506
300,hami,42.84,93.51,15.13,53,0,2.73,CN,1578434506
301,niquelandia,-14.47,-48.46,75.42,90,86,2.62,BR,1578434439
302,guerrero negro,27.97,-114.04,72.18,26,86,5.17,MX,1578434507
303,flin flon,54.77,-101.88,-9.4,63,20,8.05,CA,1578434507
304,lebu,8.96,38.73,53.76,94,100,1.68,ET,1578433825
305,yanam,16.73,82.22,67.44,88,0,2.48,IN,1578434507
306,hirara,24.8,125.28,64.4,100,20,2.24,JP,1578434165
307,bereda,43.27,-7.54,57.99,93,75,5.82,ES,1578434507
308,takoradi,4.89,-1.75,79.57,77,1,11.3,GH,1578434133
309,pleasanton,37.66,-121.87,60.01,76,1,4.7,US,1578434219
310,divnogorsk,55.96,92.38,17.6,72,75,6.71,RU,1578434508
311,abu zabad,12.35,29.25,69.66,20,9,16.46,SD,1578434508
312,strathmore,51.04,-113.4,17.01,85,90,6.93,CA,1578434369
313,knysna,-34.04,23.05,71.6,73,100,3.36,ZA,1578434508
314,gdov,58.74,27.82,37.08,88,100,12.24,RU,1578434508
315,nara,34.68,135.8,53.01,93,75,10.29,JP,1578434508
316,lodwar,3.12,35.6,85.84,46,62,13.44,KE,1578434509
317,fare,-16.7,-151.02,81.81,80,12,17.6,PF,1578434509
318,biak,-0.91,122.88,81.66,74,100,11.5,ID,1578434362
319,hamilton,43.26,-79.87,39.99,64,75,10.29,CA,1578433920
320,orsha,54.51,30.43,30.61,95,96,9.19,BY,1578434509
321,khandyga,62.65,135.58,-4.41,99,91,0.94,RU,1578434509
322,bagotville,-28.98,153.42,78.01,73,4,4.7,AU,1578434509
323,soyaux,45.64,0.19,52.0,100,90,3.36,FR,1578434510
324,alto araguaia,-17.32,-53.22,79.65,76,61,5.75,BR,1578434510
325,northam,-31.65,116.67,63.0,87,0,3.36,AU,1578434510
326,itarema,-2.92,-39.92,79.65,76,78,6.42,BR,1578434511
327,chalus,36.66,51.42,42.8,81,0,5.17,IR,1578434511
328,clearwater,27.97,-82.8,72.0,60,1,6.76,US,1578434499
329,suntar,62.16,117.65,17.65,93,100,8.23,RU,1578434511
330,bayaguana,18.75,-69.64,81.0,78,40,4.7,DO,1578434511
331,fairmont,40.64,-97.59,50.0,45,1,11.41,US,1578434508
332,cidreira,-30.17,-50.22,75.56,75,4,15.93,BR,1578433827
333,srandakan,-7.94,110.25,73.85,93,80,3.67,ID,1578434511
334,fenoarivo,-18.93,47.44,62.6,100,75,4.88,MG,1578434512
335,roma,41.89,12.48,44.01,69,67,3.36,IT,1578434067
336,kamariotissa,40.48,25.47,41.0,48,20,20.8,GR,1578434512
337,namibe,-15.19,12.15,73.42,81,100,3.11,AO,1578434111
338,port macquarie,-31.43,152.91,82.0,73,5,5.82,AU,1578434115
339,san juan de los lagos,21.25,-102.33,69.8,14,40,13.87,MX,1578434512
340,conceicao da barra,-18.59,-39.73,79.86,84,100,25.37,BR,1578434513
341,santa maria,-16.02,-48.01,78.8,74,40,6.93,BR,1578434513
342,mangochi,-14.48,35.26,68.22,97,100,4.25,MW,1578434513
343,touros,-5.2,-35.46,84.2,70,40,13.87,BR,1578434130
344,astana,51.13,71.43,-7.6,83,75,1.99,KZ,1578434513
345,lucapa,-8.42,20.74,66.15,97,100,2.68,AO,1578434513
346,cairns,-16.92,145.77,80.6,78,75,8.05,AU,1578434403
347,jasper,33.83,-87.28,57.99,30,1,14.99,US,1578434263
348,pokhara,28.21,83.99,50.32,79,56,2.19,NP,1578434050
349,kraslava,55.9,27.16,29.55,94,89,6.69,LV,1578434513
350,sobolevo,54.43,31.9,29.91,95,66,8.79,RU,1578434513
351,eyl,7.98,49.82,78.66,79,100,21.32,SO,1578434514
352,ugoofaaru,5.67,73.0,82.56,75,98,15.77,MV,1578434173
353,kampene,-3.59,26.67,71.89,94,100,1.92,CD,1578434514
354,majene,-3.54,118.97,77.32,73,100,3.02,ID,1578434514
355,high level,58.52,-117.13,-18.4,82,75,2.24,CA,1578434177
356,kruisfontein,-34.0,24.73,67.6,93,99,8.88,ZA,1578434115
357,pacific grove,36.62,-121.92,61.0,62,1,6.93,US,1578434356
358,sibolga,1.74,98.78,69.98,96,58,3.69,ID,1578434133
359,garachine,8.06,-78.36,82.31,74,18,13.33,PA,1578434514
360,ha giang,22.83,104.99,60.22,94,59,0.72,VN,1578434514
361,chistoye,56.54,43.0,23.0,85,75,6.71,RU,1578434515
362,moroni,35.09,24.92,50.0,81,75,29.97,GR,1578434515
363,yumen,40.29,97.04,13.5,69,57,5.73,CN,1578434515
364,geraldton,49.72,-86.95,8.6,71,90,14.99,CA,1578434158
365,asosa,10.07,34.53,72.91,33,98,6.17,ET,1578434515
366,caruray,10.31,119.01,77.0,88,20,4.7,PH,1578434515
367,maniitsoq,65.42,-52.9,-0.15,95,100,15.93,GL,1578434515
368,sayyan,15.17,44.32,56.75,66,79,0.81,YE,1578434516
369,zhuhai,40.71,112.04,-2.2,77,5,2.24,CN,1578434363
370,ayutthaya,14.36,100.57,79.0,83,3,4.32,TH,1578434516
371,leningradskiy,69.38,178.42,-13.25,93,55,12.68,RU,1578434158
372,necochea,-38.55,-58.74,84.0,15,0,5.99,AR,1578434110
373,vendome,47.44,-0.57,54.0,93,90,8.05,FR,1578434516
374,mbigou,-1.9,11.91,69.06,97,100,2.8,GA,1578434516
375,alytus,54.4,24.05,33.8,86,90,4.7,LT,1578434516
376,praya,-8.71,116.27,78.8,88,40,8.05,ID,1578434160
377,nanortalik,60.14,-45.24,24.4,87,100,24.43,GL,1578434517
378,bilibino,68.06,166.44,-27.26,86,0,3.11,RU,1578434134
379,brakpan,-26.24,28.37,72.0,70,80,7.85,ZA,1578434517
380,kloulklubed,7.04,134.26,78.8,83,75,12.75,PW,1578434157
381,zaragoza,13.59,-89.29,87.8,48,75,9.17,SV,1578434517
382,zaysan,47.47,84.87,4.06,73,87,2.08,KZ,1578434465
383,porto belo,-27.15,-48.54,81.0,88,40,4.7,BR,1578434517
384,atar,20.52,-13.05,54.99,13,0,11.52,MR,1578433875
385,ginda,30.69,78.49,39.25,98,100,1.77,IN,1578434517
386,vestmannaeyjar,63.44,-20.27,31.57,66,100,45.21,IS,1578434321
387,nouadhibou,20.93,-17.03,62.6,55,64,16.11,MR,1578434138
388,rosarito,4.91,-75.23,84.2,49,29,8.05,CO,1578434518
389,evensk,61.92,159.24,-9.36,76,70,5.61,RU,1578434170
390,ganzhou,25.86,114.93,44.51,92,13,3.96,CN,1578434518
391,zeya,53.74,127.27,-16.2,99,0,2.86,RU,1578434116
392,bhigvan,18.32,74.77,71.37,67,14,8.01,IN,1578434518
393,roald,62.58,6.12,48.2,81,75,23.04,NO,1578434518
394,puerto leguizamo,-0.19,-74.78,92.73,40,18,5.97,CO,1578434518
395,tshikapa,-6.42,20.79,70.11,93,100,0.92,CD,1578434518
396,ayan,38.23,44.7,15.15,53,0,7.49,IR,1578434519
397,swidwin,53.77,15.78,39.2,93,90,5.82,PL,1578434519
398,hirado,33.32,129.49,57.2,67,75,13.87,JP,1578434519
399,sao joao da barra,-21.64,-41.05,82.4,78,20,16.11,BR,1578434136
400,grand gaube,-20.01,57.66,78.8,88,75,1.12,MU,1578434519
401,port shepstone,-30.74,30.45,73.09,96,100,3.53,ZA,1578434519
402,saint-francois,46.42,3.91,44.6,87,90,2.24,FR,1578434519
403,nizhniy tsasuchey,50.52,115.13,0.81,89,0,3.98,RU,1578434519
404,vanavara,60.35,102.28,8.69,96,100,5.68,RU,1578433910
405,vila,45.18,8.4,36.0,81,56,3.36,IT,1578434520
406,beirut,33.9,35.48,51.8,81,75,17.22,LB,1578434433
407,la ronge,55.1,-105.3,-11.2,63,5,5.82,CA,1578434111
408,pangnirtung,66.15,-65.72,-36.4,10,20,2.86,CA,1578433842
409,lypova dolyna,50.56,33.8,22.05,85,0,2.42,UA,1578434520
410,vilcun,-38.65,-72.23,64.4,68,75,14.99,CL,1578434520
411,nicoya,10.15,-85.45,89.6,46,20,23.04,CR,1578434520
412,hailey,43.52,-114.32,37.0,69,40,4.7,US,1578434521
413,lasa,34.92,32.53,57.2,76,75,14.99,CY,1578434521
414,bolshoye selo,57.72,38.93,29.43,97,100,6.35,RU,1578434521
415,tawau,4.26,117.89,77.0,94,75,1.77,MY,1578434171
416,vanimo,-2.67,141.3,80.56,85,100,16.89,PG,1578434129
417,borogontsy,62.67,131.17,-15.41,100,69,2.26,RU,1578434522
418,dzhebariki-khaya,62.22,135.8,-1.23,98,97,1.57,RU,1578434522
419,yulara,-25.24,130.99,82.4,48,100,9.17,AU,1578433982
420,batsfjord,70.63,29.72,33.8,86,75,17.22,NO,1578434522
421,victoria point,-27.58,153.3,82.0,65,20,5.82,AU,1578434034
422,gustavo diaz ordaz,24.01,-104.69,64.4,16,5,8.05,MX,1578434522
423,zhangjiakou,40.77,114.88,2.39,86,0,6.62,CN,1578434522
424,hofn,64.25,-15.21,35.98,63,68,54.42,IS,1578434140
425,abu samrah,35.3,37.18,47.12,87,94,3.36,SY,1578434523
426,iskateley,67.68,53.15,2.12,96,9,9.22,RU,1578434523
427,san policarpo,12.18,125.51,79.11,80,100,12.62,PH,1578434523
428,puerto carreno,6.19,-67.49,93.2,46,20,10.29,CO,1578434505
429,gornopravdinsk,60.06,69.92,1.38,96,78,5.03,RU,1578434388
430,kandrian,-6.21,149.55,77.34,85,99,1.34,PG,1578434524
431,tabou,4.42,-7.36,75.6,84,0,3.65,CI,1578434158
432,paita,-5.09,-81.11,62.6,100,40,10.29,PE,1578434524
433,changde,29.04,111.68,40.71,88,0,4.25,CN,1578434524
434,okhotsk,59.36,143.24,-5.51,74,100,7.74,RU,1578434524
435,noumea,-22.28,166.46,82.4,51,100,3.36,NC,1578434115
436,ahipara,-35.17,173.16,66.0,83,0,1.01,NZ,1578434171
437,ostrovnoy,68.05,39.51,34.39,89,100,25.52,RU,1578434176
438,baiao,-2.79,-49.67,81.91,75,52,1.66,BR,1578434525
439,sivas,39.75,37.01,32.0,92,90,12.75,TR,1578434525
440,floriano,-6.77,-43.02,79.68,82,100,3.09,BR,1578434525
441,saint-philippe,45.36,-73.48,30.2,68,1,4.7,CA,1578434119
442,port hedland,-20.31,118.58,78.8,88,90,25.28,AU,1578434140
443,beidao,34.57,105.89,27.0,73,98,3.53,CN,1578434383
444,itaueira,-7.6,-43.03,77.4,90,100,4.07,BR,1578434526
445,wairoa,-39.04,177.43,62.01,50,0,11.01,NZ,1578434526
446,ribeira grande,38.52,-28.7,64.4,93,20,9.17,PT,1578434134
447,pringsewu,-5.36,104.98,71.53,95,93,2.26,ID,1578434526
448,taksimo,56.36,114.84,-13.36,97,0,0.85,RU,1578434526
449,yenotayevka,47.24,47.04,30.81,76,100,11.16,RU,1578434526
450,waddan,29.16,16.14,45.32,59,0,4.05,LY,1578434526
451,maltahohe,-24.83,16.98,68.95,33,4,13.58,NA,1578434247
452,mrakovo,43.97,18.28,23.0,92,0,2.24,BA,1578434527
453,lensk,60.71,114.91,17.73,93,100,12.41,RU,1578434527
454,swansea,51.62,-3.95,55.99,93,75,14.99,GB,1578434512
455,makakilo city,21.35,-158.09,80.6,51,40,21.92,US,1578434527
456,sistranda,63.73,8.83,46.4,65,75,16.11,NO,1578434527
457,naze,5.43,7.07,78.49,66,100,6.89,NG,1578434154
458,santa cruz cabralia,-16.28,-39.02,80.6,78,20,13.87,BR,1578434249
459,fram,-27.1,-56.02,91.4,43,40,9.17,PY,1578434527
460,langsa,4.47,97.97,73.33,84,98,3.11,ID,1578434403
461,senneterre,48.39,-77.24,24.8,92,90,12.75,CA,1578434528
462,tuatapere,-46.13,167.69,57.0,73,100,4.0,NZ,1578434528
463,san gabriel,34.1,-118.11,80.01,12,1,4.7,US,1578434528
464,samana,0.12,-76.97,89.6,55,20,5.82,EC,1578434528
465,manyana,-35.26,150.51,71.6,68,75,11.41,AU,1578434528
466,kizukuri,40.81,140.39,36.0,67,100,1.99,JP,1578434528
467,kalmunai,7.42,81.82,81.01,79,81,20.4,LK,1578433836
468,yonezawa,37.88,140.12,33.01,72,100,2.53,JP,1578434528
469,berlevag,70.86,29.09,33.8,86,75,17.22,NO,1578434530
470,labytnangi,66.66,66.39,0.52,84,3,7.96,RU,1578434530
471,camocim,-2.9,-40.84,79.52,79,49,5.23,BR,1578434343
472,karpogory,64.0,44.44,25.0,93,100,8.99,RU,1578434530
473,tupik,54.43,119.94,-11.4,88,14,2.46,RU,1578434530
474,vieste,41.88,16.18,42.8,87,75,9.17,IT,1578434530
475,lillooet,50.69,-121.94,33.8,96,90,4.7,CA,1578434531
476,aviles,43.55,-5.92,48.99,70,48,9.17,ES,1578434531
477,krasnovishersk,60.4,57.08,5.11,95,100,5.99,RU,1578434531
478,bowen,-20.01,148.25,84.0,83,90,9.17,AU,1578434531
479,maningrida,-12.05,134.23,76.46,79,100,7.23,AU,1578434110
480,burr ridge,41.75,-87.92,39.99,48,75,12.75,US,1578434531
481,minab,27.15,57.07,59.0,62,0,6.93,IR,1578434531
482,aksu,52.04,76.93,-0.4,91,90,2.8,KZ,1578434108
483,port lincoln,-34.72,135.86,66.83,69,0,6.04,AU,1578434114
484,cap malheureux,-19.98,57.61,78.8,88,75,1.12,MU,1578434532
485,calama,-22.46,-68.93,73.4,18,20,24.16,CL,1578434532
486,ruidoso,33.33,-105.67,59.0,13,1,3.36,US,1578434528
487,ponta delgada,37.73,-25.67,64.4,93,40,11.41,PT,1578434152
488,broadstairs,51.36,1.44,55.99,87,75,20.8,GB,1578434532
489,paysandu,-32.32,-58.08,84.0,33,0,1.01,UY,1578434532
490,tallahassee,30.44,-84.28,66.99,31,1,10.29,US,1578434297
491,moranbah,-22.0,148.04,73.76,82,21,11.25,AU,1578434532
492,vila franca do campo,37.72,-25.43,64.4,93,40,11.41,PT,1578433808
493,southbridge,42.08,-72.03,39.0,55,1,2.46,US,1578434424
494,mwinilunga,-11.73,24.43,63.37,96,98,3.06,ZM,1578434533
495,smithers,54.78,-127.17,15.8,85,90,3.36,CA,1578434458
496,shimoda,34.7,138.93,48.0,94,67,30.51,JP,1578434161
497,vrangel,42.73,133.08,31.28,89,100,32.41,RU,1578434533
498,goderich,43.74,-81.71,39.0,57,89,3.0,CA,1578434143
499,fairbanks,64.84,-147.72,-23.01,67,90,0.92,US,1578434132
500,kaura namoda,12.59,6.58,71.56,20,87,12.71,NG,1578434533
501,bongandanga,1.51,21.07,78.53,38,52,1.61,CD,1578434533
502,mahajanga,-15.72,46.32,78.8,94,20,1.12,MG,1578434534
503,yelatma,54.97,41.75,19.9,95,68,5.77,RU,1578434534
504,maldonado,-34.91,-54.96,77.0,36,0,10.29,UY,1578434534
505,dilla,6.41,38.31,53.24,93,100,4.43,ET,1578434534
506,auki,12.18,6.51,72.07,21,100,13.53,NG,1578434158
507,cruzeiro do sul,-7.63,-72.67,89.6,52,75,3.36,BR,1578434147
508,keetmanshoop,-26.57,18.15,77.0,57,46,8.05,NA,1578434534
509,sterling,39.0,-77.4,34.0,99,90,9.17,US,1578434431
510,luderitz,-26.65,15.16,64.4,88,54,10.29,NA,1578434140
511,minatitlan,19.39,-104.05,84.2,42,40,1.03,MX,1578434535
512,netanya,32.33,34.86,55.0,62,40,13.87,IL,1578434413
513,wajir,1.75,40.07,82.71,63,100,15.66,KE,1578434535
514,rosa zarate,0.33,-79.47,79.27,84,28,5.55,EC,1578434535
515,khani,41.96,42.96,46.4,49,40,10.29,GE,1578434535
516,itaituba,-4.26,-55.99,87.8,70,20,10.29,BR,1578434535
517,pedernales,0.07,-80.05,78.6,79,65,7.78,EC,1578434535
518,damietta,31.42,31.81,56.98,68,11,30.51,EG,1578434535
519,taboga,46.27,13.11,39.0,72,1,4.7,IT,1578434536
520,mago,53.27,140.15,3.56,96,100,5.44,RU,1578434112
521,verkh-chebula,56.03,87.61,11.64,93,100,7.87,RU,1578434536
522,oussouye,12.49,-16.54,71.6,64,100,6.93,SN,1578434133
523,cockburn town,21.46,-71.14,78.39,76,25,11.97,TC,1578433990
524,laureles,29.18,-110.87,82.0,14,40,3.8,MX,1578434536
525,sao gabriel da cachoeira,-0.13,-67.09,89.29,54,16,2.28,BR,1578434354
526,pandoh,31.67,77.06,40.77,94,100,2.89,IN,1578434536
527,sao geraldo do araguaia,-6.4,-48.55,79.95,87,55,1.28,BR,1578434536
528,thinadhoo,0.53,72.93,83.16,79,87,13.89,MV,1578434147
529,paamiut,61.99,-49.67,13.57,81,100,9.89,GL,1578434536
530,bambous virieux,-20.34,57.76,78.8,88,75,1.12,MU,1578434112
531,salalah,17.01,54.1,77.0,50,0,8.05,OM,1578434123
532,newcastleton,55.18,-2.81,53.01,93,100,29.97,GB,1578434537
533,bela,26.23,66.31,62.64,75,22,2.28,PK,1578434537
534,sharjah,25.36,55.39,66.2,59,0,8.05,AE,1578434537
535,mantua,45.16,10.79,34.0,100,90,5.82,IT,1578434282
536,alice town,25.72,-79.3,72.16,57,6,8.12,BS,1578434538
537,nyagan,62.14,65.43,4.15,93,68,7.14,RU,1578434538
538,lyuban,52.8,28.0,28.98,96,26,5.37,BY,1578434538
539,dvinskoy,62.16,45.12,18.86,94,97,5.95,RU,1578434538
540,itinga,-16.61,-41.77,75.6,92,100,0.92,BR,1578434538
541,pangkalanbuun,-2.68,111.62,74.59,96,100,1.86,ID,1578434291
542,gari,59.43,62.35,2.08,93,85,5.48,RU,1578434538
543,biloela,-24.4,150.51,69.51,76,6,4.27,AU,1578434538
544,werda,-25.27,23.28,68.9,81,100,16.02,BW,1578434538
545,bunia,1.56,30.25,75.54,59,39,4.79,CD,1578434538
546,fukue,35.03,136.69,54.0,93,75,10.29,JP,1578434539
547,villa carlos paz,-31.42,-64.5,86.0,30,20,23.04,AR,1578434539
548,marawi,8.0,124.29,71.01,92,100,8.99,PH,1578434539
549,tautira,-17.73,-149.15,86.0,74,40,8.05,PF,1578434145
550,contai,21.78,87.75,63.63,58,33,4.61,IN,1578434539
551,ayorou,14.73,0.92,73.17,19,36,11.65,NE,1578434539
552,nishihara,35.74,139.53,43.0,100,90,1.9,JP,1578434140
553,kodinsk,58.6,99.18,10.26,97,98,3.4,RU,1578434539
